City_ID,City,Country,Date,Lat,Lng,Max Temp,Humidity,Cloudiness,Wind Speed
0,Wilmington,US,2022-04-04 20:35:21,34.2257,-77.9447,66.94,46,0,5.75
1,Bluff,NZ,2022-04-04 20:37:14,-46.6,168.3333,56.46,79,100,7.4
2,Hobart,AU,2022-04-04 20:40:20,-42.8794,147.3294,55.26,81,75,16.11
3,Phuket,TH,2022-04-04 20:40:21,8.0,98.25,85.08,94,20,0.0
4,Mulege,MX,2022-04-04 20:40:21,26.8833,-111.9833,74.17,42,0,10.31
5,Ushuaia,AR,2022-04-04 20:37:48,-54.8,-68.3,42.42,81,40,26.46
6,Zyryanka,RU,2022-04-04 20:40:22,65.75,150.85,-3.32,97,100,6.08
7,Cape Town,ZA,2022-04-04 20:37:10,-33.9258,18.4232,62.89,89,40,8.05
8,Carnarvon,AU,2022-04-04 20:40:23,-24.8667,113.6333,71.67,88,0,11.5
9,West Bay,KY,2022-04-04 20:40:23,19.3667,-81.4167,86.07,66,20,4.61
10,Warrington,GB,2022-04-04 20:40:24,53.3925,-2.5802,52.45,90,75,24.16
11,Mataura,NZ,2022-04-04 20:40:24,-46.1927,168.8643,57.18,70,100,2.66
12,Albany,US,2022-04-04 20:36:44,42.6001,-73.9662,50.65,48,100,3.0
13,Huarmey,PE,2022-04-04 20:40:25,-10.0681,-78.1522,74.07,75,55,11.77
14,Hermanus,ZA,2022-04-04 20:40:25,-34.4187,19.2345,56.8,83,11,11.81
15,Beinamar,TD,2022-04-04 20:40:26,8.6698,15.3813,85.57,38,99,7.23
16,Puerto Ayora,EC,2022-04-04 20:40:26,-0.7393,-90.3518,82.54,87,64,4.0
17,Bandarbeyla,SO,2022-04-04 20:40:27,9.4942,50.8122,78.06,74,78,1.59
18,Takoradi,GH,2022-04-04 20:40:27,4.8845,-1.7554,81.43,83,77,10.13
19,Lekoni,GA,2022-04-04 20:40:27,-1.5843,14.2591,74.32,86,98,4.25
20,Hamilton,US,2022-04-04 20:35:37,39.1834,-84.5333,60.89,52,100,9.22
21,Pevek,RU,2022-04-04 20:40:28,69.7008,170.3133,-16.89,96,32,3.53
22,Suslovo,RU,2022-04-04 20:40:28,56.2167,88.1167,34.25,92,100,6.73
23,Rio Gallegos,AR,2022-04-04 20:40:29,-51.6226,-69.2181,48.25,43,40,29.93
24,Berlevag,NO,2022-04-04 20:40:29,70.8578,29.0864,19.35,68,20,3.44
25,Plettenberg Bay,ZA,2022-04-04 20:40:29,-34.0527,23.3716,61.45,84,0,7.76
26,Kharitonovo,RU,2022-04-04 20:40:30,61.4009,47.4978,9.41,98,78,2.19
27,Katsuura,JP,2022-04-04 20:40:30,35.1333,140.3,50.65,90,100,26.6
28,Nikolsk,RU,2022-04-04 20:40:30,53.7189,46.0712,22.5,94,100,8.05
29,Port Alfred,ZA,2022-04-04 20:40:31,-33.5906,26.891,61.18,88,0,1.01
30,Atuona,PF,2022-04-04 20:40:31,-9.8,-139.0333,79.68,75,10,22.84
31,Frontera,MX,2022-04-04 20:40:32,26.9333,-101.45,96.33,22,0,12.66
32,Busselton,AU,2022-04-04 20:40:32,-33.65,115.3333,52.02,82,0,9.01
33,Kalmunai,LK,2022-04-04 20:40:32,7.4167,81.8167,77.05,86,40,4.07
34,Tiksi,RU,2022-04-04 20:40:34,71.6872,128.8694,-7.42,100,100,5.06
35,Terrace,CA,2022-04-04 20:35:59,54.5163,-128.6035,39.11,75,100,3.44
36,Punta Arenas,CL,2022-04-04 20:40:36,-53.15,-70.9167,41.11,75,20,24.16
37,Ialibu,PG,2022-04-04 20:40:38,-6.2821,143.9935,56.82,98,100,2.37
38,Georgetown,MY,2022-04-04 20:35:45,5.4112,100.3354,78.73,93,20,8.05
39,Chokurdakh,RU,2022-04-04 20:40:39,70.6333,147.9167,-15.27,100,92,8.41
40,Pervomayskoye,RU,2022-04-04 20:40:39,43.919,46.7102,44.37,73,6,1.68
41,Baton Rouge,US,2022-04-04 20:37:20,30.4508,-91.1545,83.91,57,40,6.91
42,Kapaa,US,2022-04-04 20:40:40,22.0752,-159.319,78.78,76,40,16.11
43,Luohe,CN,2022-04-04 20:40:40,33.5717,114.0353,57.02,64,100,8.03
44,Luderitz,NA,2022-04-04 20:40:41,-26.6481,15.1594,59.86,83,0,6.85
45,Chatrapur,IN,2022-04-04 20:40:41,19.35,84.9833,77.81,91,30,16.31
46,Phalombe,MW,2022-04-04 20:40:42,-15.8064,35.6507,67.08,96,63,1.39
47,Saint-Georges,GD,2022-04-04 20:40:42,12.0564,-61.7485,83.88,70,20,20.71
48,Sangmelima,CM,2022-04-04 20:40:43,2.9333,11.9833,68.99,95,56,1.41
49,Hilo,US,2022-04-04 20:40:43,19.7297,-155.09,74.62,87,100,3.44
50,Severo-Kurilsk,RU,2022-04-04 20:38:29,50.6789,156.125,36.27,84,4,9.6
51,Mindelo,CV,2022-04-04 20:40:44,16.8901,-24.9804,71.15,68,75,17.27
52,Hithadhoo,MV,2022-04-04 20:40:44,-0.6,73.0833,82.74,68,38,3.09
53,Barrow,US,2022-04-04 20:40:45,71.2906,-156.7887,-5.78,71,100,17.27
54,Mangrol,IN,2022-04-04 20:40:45,21.1167,70.1167,77.95,74,3,11.16
55,Kimbe,PG,2022-04-04 20:40:45,-5.5502,150.1429,76.57,92,100,1.34
56,Tehachapi,US,2022-04-04 20:40:46,35.1322,-118.449,73.04,41,46,14.0
57,Navahrudak,BY,2022-04-04 20:40:46,53.6,25.8333,32.88,82,100,19.98
58,Rikitea,PF,2022-04-04 20:40:47,-23.1203,-134.9692,78.19,60,6,12.46
59,Avarua,CK,2022-04-04 20:37:43,-21.2078,-159.775,82.45,74,40,4.61
60,Wasilla,US,2022-04-04 20:40:47,61.5814,-149.4394,40.35,58,100,5.75
61,Phan Thiet,VN,2022-04-04 20:40:48,10.9333,108.1,77.14,75,34,5.5
62,Acolla,PE,2022-04-04 20:40:48,-11.7319,-75.5463,56.14,62,85,7.02
63,Khatanga,RU,2022-04-04 20:40:49,71.9667,102.5,-30.53,100,38,3.8
64,Arraial Do Cabo,BR,2022-04-04 20:38:22,-22.9661,-42.0278,84.16,78,0,11.5
65,Roma,US,2022-04-04 20:40:50,43.2128,-75.4557,45.82,67,100,9.22
66,Port Elizabeth,ZA,2022-04-04 20:40:50,-33.918,25.5701,63.1,80,0,9.22
67,Saint George,US,2022-04-04 20:36:58,37.1041,-113.5841,78.8,16,0,10.0
68,Hobyo,SO,2022-04-04 20:40:51,5.3505,48.5268,81.21,72,100,11.25
69,Namatanai,PG,2022-04-04 20:40:51,-3.6667,152.4333,80.31,82,94,7.38
70,Pekan,MY,2022-04-04 20:40:52,3.4836,103.3996,77.11,86,70,4.38
71,Ibipeba,BR,2022-04-04 20:40:52,-11.6408,-42.0111,80.96,47,85,12.46
72,Mlonggo,ID,2022-04-04 20:40:53,-6.5333,110.7,77.34,82,79,6.02
73,Namibe,AO,2022-04-04 20:40:04,-15.1961,12.1522,69.85,80,82,7.49
74,Bend,US,2022-04-04 20:37:15,44.0582,-121.3153,46.09,64,40,15.01
75,Mehamn,NO,2022-04-04 20:40:53,71.0357,27.8492,19.31,74,95,7.27
76,Belaya Gora,RU,2022-04-04 20:40:54,68.5333,146.4167,-10.75,98,100,3.24
77,Pangody,RU,2022-04-04 20:40:54,65.85,74.4859,33.15,100,100,8.63
78,Tonj,SS,2022-04-04 20:40:55,7.2737,28.6822,84.88,43,52,3.11
79,Oktyabrskiy,RU,2022-04-04 20:40:55,54.4815,53.471,33.37,84,89,15.95
80,Kaliua,TZ,2022-04-04 20:40:56,-5.0606,31.7936,68.68,82,94,3.15
81,Roald,NO,2022-04-04 20:40:56,62.5833,6.1333,37.76,75,100,3.44
82,Agustin Codazzi,CO,2022-04-04 20:40:57,10.0341,-73.2361,87.78,56,30,3.44
83,Sompeta,IN,2022-04-04 20:40:58,18.9333,84.6,76.95,91,20,11.61
84,Fortuna,US,2022-04-04 20:39:53,40.5982,-124.1573,54.66,94,100,1.01
85,Binzhou,CN,2022-04-04 20:39:08,37.3667,118.0167,55.0,65,100,8.14
86,Taphan Hin,TH,2022-04-04 20:40:59,16.2209,100.4198,74.82,56,97,3.11
87,Bethel,US,2022-04-04 20:39:52,41.3712,-73.414,56.01,43,20,11.5
88,Ndungu,TZ,2022-04-04 20:40:59,-4.3667,38.05,72.81,95,55,2.3
89,Kodiak,US,2022-04-04 20:41:00,57.79,-152.4072,38.71,52,0,14.97
90,Flinders,AU,2022-04-04 20:41:00,-34.5833,150.8552,60.06,83,0,3.0
91,San Cristobal,VE,2022-04-04 20:37:38,7.7669,-72.225,80.78,53,100,5.53
92,Lakes Entrance,AU,2022-04-04 20:41:01,-37.8811,147.981,49.15,87,40,8.57
93,Colon,PA,2022-04-04 20:41:01,9.3592,-79.9014,81.1,100,100,8.01
94,Ammon,US,2022-04-04 20:41:01,43.4696,-111.9666,45.1,74,100,32.21
95,Mahebourg,MU,2022-04-04 20:39:59,-20.4081,57.7,79.25,89,75,9.22
96,East London,ZA,2022-04-04 20:41:02,-33.0153,27.9116,66.43,82,55,10.83
97,Nome,US,2022-04-04 20:41:02,64.5011,-165.4064,17.67,45,0,13.8
98,Whitianga,NZ,2022-04-04 20:41:03,-36.8333,175.7,68.45,78,98,6.85
99,Skala,PL,2022-04-04 20:41:03,50.2305,19.8536,40.08,62,0,16.11
100,Garhi Khairo,PK,2022-04-04 20:41:04,28.0606,67.9803,84.83,7,100,3.02
101,Longyearbyen,SJ,2022-04-04 20:41:04,78.2186,15.6401,10.24,56,11,20.71
102,Lagoa,PT,2022-04-04 20:41:05,39.05,-27.9833,59.05,69,100,6.33
103,Petropavlovsk-Kamchatskiy,RU,2022-04-04 20:41:05,53.0452,158.6483,21.79,74,75,4.47
104,Pali,IN,2022-04-04 20:41:06,25.7667,73.3333,79.12,19,6,1.5
105,Tuktoyaktuk,CA,2022-04-04 20:41:06,69.4541,-133.0374,-14.8,70,75,9.22
106,Kahului,US,2022-04-04 20:41:07,20.8947,-156.47,80.96,60,20,16.11
107,Isangel,VU,2022-04-04 20:41:07,-19.55,169.2667,81.28,80,99,6.51
108,Buraydah,SA,2022-04-04 20:41:07,26.326,43.975,79.25,10,32,9.31
109,Makakilo City,US,2022-04-04 20:37:28,21.3469,-158.0858,79.12,54,20,17.27
110,Saldanha,ZA,2022-04-04 20:41:08,-33.0117,17.9442,60.85,83,16,6.42
111,Broken Hill,AU,2022-04-04 20:41:09,-31.95,141.4333,58.71,58,0,4.61
112,Chapleau,CA,2022-04-04 20:41:09,47.8405,-83.4034,39.29,56,100,6.91
113,Ternate,ID,2022-04-04 20:41:10,0.8,127.4,80.62,78,100,2.55
114,Monrovia,LR,2022-04-04 20:41:10,6.3005,-10.7969,78.57,81,77,4.81
115,Sitka,US,2022-04-04 20:41:10,57.0531,-135.33,42.69,70,0,5.75
116,Salalah,OM,2022-04-04 20:41:11,17.0151,54.0924,78.89,94,0,4.61
117,Lorengau,PG,2022-04-04 20:41:11,-2.0226,147.2712,82.0,79,100,15.3
118,Emba,KZ,2022-04-04 20:41:12,48.8264,58.1442,43.0,91,100,9.35
119,Grand Gaube,MU,2022-04-04 20:41:12,-20.0064,57.6608,79.38,83,100,4.0
120,Kinel-Cherkassy,RU,2022-04-04 20:41:13,53.4706,51.4743,32.76,94,96,13.65
121,Paamiut,GL,2022-04-04 20:41:13,61.994,-49.6678,33.71,95,100,13.47
122,San Pedro,PH,2022-04-04 20:41:14,14.35,121.0167,76.32,92,100,3.44
123,Ler,SS,2022-04-04 20:41:14,8.3018,30.1418,86.43,38,17,5.06
124,Paraiso,CR,2022-04-04 20:41:15,9.8383,-83.8656,74.26,95,100,2.98
125,Ostrovnoy,RU,2022-04-04 20:41:15,68.0531,39.5131,14.83,91,90,9.98
126,Goba,ET,2022-04-04 20:41:15,7.0167,39.9833,52.02,62,4,4.12
127,Ponta Delgada,PT,2022-04-04 20:41:16,37.7333,-25.6667,59.72,55,20,3.44
128,Nizwa,OM,2022-04-04 20:41:16,22.9333,57.5333,76.17,22,60,4.74
129,Turner,US,2022-04-04 20:41:17,44.2565,-70.2562,52.99,29,89,14.0
130,Takestan,IR,2022-04-04 20:41:17,36.0696,49.6959,53.73,37,13,7.38
131,Mildura,AU,2022-04-04 20:41:18,-34.2,142.15,51.76,71,0,2.3
132,Napier,NZ,2022-04-04 20:37:49,-39.4833,176.9167,57.27,99,68,3.91
133,Cidreira,BR,2022-04-04 20:41:19,-30.1811,-50.2056,70.0,89,98,8.01
134,Ust-Maya,RU,2022-04-04 20:41:19,60.4167,134.5333,20.48,88,100,7.0
135,Constitucion,CL,2022-04-04 20:41:20,-35.3333,-72.4167,64.71,52,0,16.73
136,Codrington,AU,2022-04-04 20:41:20,-38.2667,141.9667,51.08,87,100,3.69
137,Kavieng,PG,2022-04-04 20:41:20,-2.5744,150.7967,80.76,81,100,6.64
138,Souillac,MU,2022-04-04 20:41:21,-20.5167,57.5167,79.18,89,75,9.22
139,Ust-Nera,RU,2022-04-04 20:41:22,64.5667,143.2,-10.73,100,100,6.46
140,Kudahuvadhoo,MV,2022-04-04 20:41:22,2.6708,72.8944,83.14,61,21,2.13
141,Faanui,PF,2022-04-04 20:41:23,-16.4833,-151.75,82.85,72,17,17.49
142,Luoyang,CN,2022-04-04 20:41:23,34.6836,112.4536,59.76,68,100,3.78
143,Prabumulih,ID,2022-04-04 20:41:24,-3.45,104.25,73.71,98,99,0.63
144,Pisco,PE,2022-04-04 20:41:24,-13.7,-76.2167,73.45,68,0,5.75
145,Beringovskiy,RU,2022-04-04 20:41:24,63.05,179.3167,-3.26,80,92,16.49
146,Palia Kalan,IN,2022-04-04 20:41:25,28.45,80.5833,71.46,10,0,2.33
147,Ponta Do Sol,PT,2022-04-04 20:41:25,32.6667,-17.1,57.83,73,48,12.37
148,Narsaq,GL,2022-04-04 20:38:27,60.9167,-46.05,48.42,81,100,2.46
149,Whakatane,NZ,2022-04-04 20:41:26,-37.9585,176.9854,65.52,91,96,1.66
150,Yulara,AU,2022-04-04 20:41:26,-25.2406,130.9889,60.64,31,2,4.61
151,Leh,IN,2022-04-04 20:41:26,34.1667,77.5833,24.84,59,1,5.64
152,Mar Del Plata,AR,2022-04-04 20:39:11,-38.0023,-57.5575,71.62,65,0,11.5
153,Makungu,TZ,2022-04-04 20:41:27,-8.7333,35.2833,62.71,98,86,2.3
154,Erenhot,CN,2022-04-04 20:41:27,43.6475,111.9767,36.25,36,1,9.71
155,Touros,BR,2022-04-04 20:41:28,-5.1989,-35.4608,80.33,73,23,13.87
156,Jamestown,US,2022-04-04 20:41:28,42.097,-79.2353,45.01,49,75,8.05
157,Svetlyy,RU,2022-04-04 20:41:29,54.675,20.1347,37.45,96,100,31.97
158,Matara,LK,2022-04-04 20:41:29,5.9485,80.5353,76.96,85,91,1.59
159,Inongo,CD,2022-04-04 20:41:29,-1.95,18.2667,75.49,79,28,5.61
160,Konnur,IN,2022-04-04 20:41:30,16.2,74.75,81.45,56,30,6.02
161,Totness,SR,2022-04-04 20:41:30,5.8833,-56.3167,78.91,83,74,12.19
162,Chuy,UY,2022-04-04 20:41:31,-33.6971,-53.4616,62.62,53,32,9.57
163,Kruisfontein,ZA,2022-04-04 20:41:31,-34.0033,24.7314,60.89,74,0,13.94
164,Dunedin,NZ,2022-04-04 20:39:50,-45.8742,170.5036,59.81,82,100,7.0
165,Kiruna,SE,2022-04-04 20:41:32,67.8557,20.2251,13.12,85,100,8.05
166,Manapparai,IN,2022-04-04 20:41:32,10.6,78.4167,79.66,82,9,5.23
167,Qaanaaq,GL,2022-04-04 20:41:32,77.484,-69.3632,23.41,74,100,7.16
168,Geraldton,AU,2022-04-04 20:41:33,-28.7667,114.6,66.61,82,0,11.5
169,Cercal,PT,2022-04-04 20:41:33,37.806,-8.6715,54.73,53,100,14.29
170,Salta,AR,2022-04-04 20:37:30,-24.7859,-65.4117,73.99,51,40,3.44
171,Chicama,PE,2022-04-04 20:41:34,-7.8447,-79.1469,64.94,64,96,10.69
172,Krasnomayskiy,RU,2022-04-04 20:41:34,57.6194,34.4099,28.58,84,85,8.99
173,Batagay-Alyta,RU,2022-04-04 20:41:35,67.8006,130.4114,-12.93,99,100,5.06
174,Saint Anthony,US,2022-04-04 20:41:35,45.0205,-93.218,46.9,67,40,6.91
175,Povenets,RU,2022-04-04 20:41:36,62.8487,34.8262,26.06,88,100,11.54
176,North Bend,US,2022-04-04 20:41:36,43.4065,-124.2243,54.25,85,75,17.27
177,Mercedes,AR,2022-04-04 20:41:36,-34.6515,-59.4307,72.86,30,0,2.48
178,Manzanillo,CU,2022-04-04 20:41:37,20.3433,-77.1167,87.37,54,67,10.67
179,Butaritari,KI,2022-04-04 20:41:37,3.0707,172.7902,81.68,79,30,14.09
180,Thompson,CA,2022-04-04 20:41:38,55.7435,-97.8558,41.16,42,20,9.22
181,Aklavik,CA,2022-04-04 20:41:38,68.2191,-135.0107,-9.11,85,100,10.89
182,Elko,US,2022-04-04 20:40:03,41.0002,-115.5012,59.02,43,100,25.01
183,Zhigansk,RU,2022-04-04 20:41:39,66.7697,123.3711,-5.12,94,87,13.76
184,Manali,IN,2022-04-04 20:41:39,13.1667,80.2667,84.29,86,9,7.94
185,Karratha,AU,2022-04-04 20:41:40,-20.7377,116.8463,81.25,67,0,10.11
186,Iqaluit,CA,2022-04-04 20:40:10,63.7506,-68.5145,13.73,67,75,19.57
187,Luan,CH,2022-04-04 20:41:40,46.3592,6.9759,32.63,95,57,3.47
188,Nanortalik,GL,2022-04-04 20:41:41,60.1432,-45.2371,36.0,80,100,2.19
189,Upernavik,GL,2022-04-04 20:41:41,72.7868,-56.1549,27.21,75,100,1.34
190,Hay River,CA,2022-04-04 20:38:05,60.8156,-115.7999,40.98,56,75,9.22
191,Ancud,CL,2022-04-04 20:41:42,-41.8697,-73.8203,55.22,91,100,9.93
192,New Norfolk,AU,2022-04-04 20:41:42,-42.7826,147.0587,54.9,80,100,1.01
193,Bara,NG,2022-04-04 20:41:42,10.3744,10.7288,85.08,16,17,2.37
194,Talnakh,RU,2022-04-04 20:41:43,69.4865,88.3972,-3.28,90,70,8.57
195,Hambantota,LK,2022-04-04 20:41:43,6.1241,81.1185,78.82,77,92,0.34
196,Nishihara,JP,2022-04-04 20:41:44,26.1842,127.7558,61.88,75,100,8.05
197,Lazaro Cardenas,MX,2022-04-04 20:41:44,17.9583,-102.2,81.05,56,75,11.14
198,Ketchikan,US,2022-04-04 20:41:44,55.3422,-131.6461,46.87,53,0,12.66
199,Tasiilaq,GL,2022-04-04 20:41:45,65.6145,-37.6368,21.36,93,99,9.13
200,Santa Cruz Del Norte,CU,2022-04-04 20:41:18,23.1539,-81.9236,82.36,66,27,10.45
201,Nantucket,US,2022-04-04 20:37:26,41.2835,-70.0995,55.51,57,0,17.27
202,Norman Wells,CA,2022-04-04 20:41:46,65.282,-126.8329,-0.36,55,20,9.22
203,Victoria,HK,2022-04-04 20:39:12,22.2855,114.1577,68.95,69,48,8.01
204,Amalapuram,IN,2022-04-04 20:41:46,16.5833,82.0167,75.97,93,42,2.26
205,Bubaque,GW,2022-04-04 20:41:47,11.2833,-15.8333,76.5,75,20,23.4
206,Yenagoa,NG,2022-04-04 20:41:47,4.9247,6.2642,79.12,86,74,4.7
207,Castro,BR,2022-04-04 20:41:48,-24.7911,-50.0119,66.54,96,100,8.16
208,Alice Springs,AU,2022-04-04 20:37:10,-23.7,133.8833,53.15,50,0,0.0
209,Alofi,NU,2022-04-04 20:41:48,-19.0595,-169.9187,76.89,88,100,2.3
210,Khrenovoye,RU,2022-04-04 20:41:49,51.12,40.2889,31.75,75,30,5.93
211,Lasa,IT,2022-04-04 20:41:49,46.6166,10.7002,40.08,81,45,3.96
212,Krasnoselkup,RU,2022-04-04 20:41:50,65.7,82.4667,26.92,96,100,20.78
213,Voyvozh,RU,2022-04-04 20:41:50,62.892,54.9635,6.44,100,89,2.98
214,Vaini,TO,2022-04-04 20:41:50,-21.2,-175.2,73.56,88,75,6.91
215,Puerto Madero,MX,2022-04-04 20:41:50,14.7208,-92.4215,91.6,46,0,11.5
216,Mandera,KE,2022-04-04 20:41:51,3.9366,41.867,89.98,39,64,18.79
217,Les Cayes,HT,2022-04-04 20:41:51,18.2,-73.75,82.33,66,17,10.25
218,Vardo,NO,2022-04-04 20:41:51,70.3705,31.1107,28.38,80,40,16.11
219,Nerchinskiy Zavod,RU,2022-04-04 20:41:52,51.3088,119.61,16.2,54,12,10.42
220,Kysyl-Syr,RU,2022-04-04 20:41:52,63.8986,122.7617,-4.31,99,97,5.75
221,Bilibino,RU,2022-04-04 20:41:53,68.0546,166.4372,-6.32,79,48,3.15
222,Champerico,GT,2022-04-04 20:41:53,14.3,-91.9167,95.54,62,2,12.57
223,Karhal,IN,2022-04-04 20:41:54,27.0003,78.9414,79.16,6,1,3.49
224,Bredasdorp,ZA,2022-04-04 20:41:54,-34.5322,20.0403,62.37,75,9,11.14
225,Kashan,IR,2022-04-04 20:41:55,33.9831,51.4364,74.79,13,0,4.61
226,Saskylakh,RU,2022-04-04 20:41:56,71.9167,114.0833,-6.63,98,100,7.83
227,Clyde River,CA,2022-04-04 20:41:11,70.4692,-68.5914,16.03,92,40,5.75
228,Portland,US,2022-04-04 20:38:12,45.5234,-122.6762,55.53,65,75,24.16
229,Kushima,JP,2022-04-04 20:41:57,31.4583,131.2333,50.5,75,2,4.25
230,Asfi,MA,2022-04-04 20:41:57,32.2994,-9.2372,55.96,74,39,16.06
231,Yelizovo,RU,2022-04-04 20:41:58,53.1873,158.3805,23.14,74,75,4.47
232,Kaili,ID,2022-04-04 20:41:58,-3.4626,120.2147,66.67,97,100,1.68
233,Arlit,NE,2022-04-04 20:41:58,18.7369,7.3853,87.58,5,100,5.01
234,Torbay,CA,2022-04-04 20:36:59,47.6666,-52.7314,39.97,77,100,17.27
235,Port Macquarie,AU,2022-04-04 20:41:50,-31.4333,152.9167,60.89,80,0,5.1
236,Ada,US,2022-04-04 20:41:59,43.4166,-116.1262,47.91,84,100,16.11
237,Sabha,LY,2022-04-04 20:41:59,27.0377,14.4283,82.33,6,0,5.61
238,Soyo,AO,2022-04-04 20:42:00,-6.1349,12.3689,78.64,87,43,7.92
239,Praia,CV,2022-04-04 20:42:00,14.9215,-23.5087,72.14,64,20,14.97
240,Den Helder,NL,2022-04-04 20:42:01,52.9599,4.7593,48.02,94,75,7.0
241,Ribeira Grande,PT,2022-04-04 20:37:42,38.5167,-28.7,63.0,72,75,2.3
242,Walvis Bay,NA,2022-04-04 20:42:01,-22.9575,14.5053,59.09,88,0,6.91
243,Ribeira Brava,PT,2022-04-04 20:42:02,32.65,-17.0667,57.83,76,44,11.52
244,Nikolskoye,RU,2022-04-04 20:42:02,59.7035,30.7861,37.71,88,100,13.15
245,Hualmay,PE,2022-04-04 20:42:03,-11.0964,-77.6139,72.79,76,50,10.56
246,Vestmannaeyjar,IS,2022-04-04 20:42:03,63.4427,-20.2734,37.04,77,100,24.58
247,Boa Vista,BR,2022-04-04 20:40:05,2.8197,-60.6733,87.78,58,75,9.22
248,Nara,JP,2022-04-04 20:42:04,34.6851,135.8049,42.91,64,1,2.04
249,Minnetonka,US,2022-04-04 20:42:04,44.9133,-93.5033,47.48,70,40,1.01
250,Amapa,BR,2022-04-04 20:42:05,1.0,-52.0,70.97,99,100,3.02
251,Leningradskiy,RU,2022-04-04 20:42:05,69.3833,178.4167,-7.96,93,98,3.0
252,Cabo San Lucas,MX,2022-04-04 20:42:06,22.8909,-109.9124,78.62,61,0,16.11
253,Shingu,JP,2022-04-04 20:42:06,33.7333,135.9833,41.04,67,2,6.51
254,Lompoc,US,2022-04-04 20:42:06,34.6391,-120.4579,76.93,59,0,24.0
255,Sinnamary,GF,2022-04-04 20:42:07,5.3833,-52.95,78.94,81,72,12.21
256,Kaitangata,NZ,2022-04-04 20:42:07,-46.2817,169.8464,57.61,77,100,3.33
257,Noumea,NC,2022-04-04 20:42:08,-22.2763,166.4572,82.99,99,100,7.49
258,Grindavik,IS,2022-04-04 20:41:46,63.8424,-22.4338,33.75,100,100,11.5
259,Shahr-E Babak,IR,2022-04-04 20:42:08,30.1165,55.1186,62.53,14,35,2.24
260,Elk City,US,2022-04-04 20:42:09,35.412,-99.4043,60.78,67,100,12.66
261,Abu Kamal,SY,2022-04-04 20:42:10,34.4506,40.9171,70.32,27,6,10.33
262,Kavaratti,IN,2022-04-04 20:42:10,10.5669,72.642,81.81,75,47,3.4
263,Flin Flon,CA,2022-04-04 20:42:10,54.7682,-101.865,40.84,56,20,9.22
264,Caravelas,BR,2022-04-04 20:42:11,-17.7125,-39.2481,77.94,76,2,5.44
265,Tamandare,BR,2022-04-04 20:42:11,-8.7597,-35.1047,78.67,80,13,5.55
266,Listvyanskiy,RU,2022-04-04 20:42:12,54.4399,83.4984,32.45,98,100,7.31
267,Ambon,ID,2022-04-04 20:42:12,-3.6954,128.1814,75.34,94,20,3.44
268,Kiunga,PG,2022-04-04 20:42:13,-6.1219,141.2906,71.37,99,98,2.24
269,General Bravo,MX,2022-04-04 20:42:13,25.8,-99.1667,95.45,30,4,7.72
270,Hasaki,JP,2022-04-04 20:42:14,35.7333,140.8333,46.8,91,100,26.06
271,Bambous Virieux,MU,2022-04-04 20:42:14,-20.3428,57.7575,79.21,89,75,9.22
272,Honningsvag,NO,2022-04-04 20:42:15,70.9821,25.9704,24.55,58,83,12.66
273,Hofn,IS,2022-04-04 20:42:15,64.2539,-15.2082,29.53,76,100,14.52
274,La Ronge,CA,2022-04-04 20:42:15,55.1001,-105.2842,44.82,39,20,17.27
275,Kitimat,CA,2022-04-04 20:41:30,54.0524,-128.6534,40.91,51,100,1.83
276,Bonavista,CA,2022-04-04 20:42:16,48.6499,-53.1147,35.28,81,96,11.92
277,Saint-Pierre,RE,2022-04-04 20:42:16,-21.3393,55.4781,75.29,87,75,3.44
278,Udachnyy,RU,2022-04-04 20:42:17,66.4167,112.4,-1.55,84,100,3.29
279,Soe,ID,2022-04-04 20:42:17,-9.8607,124.284,61.77,92,13,3.96
280,Valday,RU,2022-04-04 20:42:17,57.9747,33.2525,30.0,76,92,11.14
281,Airdrie,GB,2022-04-04 20:42:18,55.866,-3.9803,50.27,88,100,10.54
282,Davila,PH,2022-04-04 20:42:18,18.4726,120.5763,76.32,81,86,23.87
283,Avera,US,2022-04-04 20:42:19,33.194,-82.5271,76.55,36,90,4.76
284,Severodvinsk,RU,2022-04-04 20:42:19,64.5635,39.8302,21.31,91,24,7.4
285,Rawson,AR,2022-04-04 20:42:20,-43.3002,-65.1023,69.06,28,11,17.29
286,Cordele,US,2022-04-04 20:42:20,31.9635,-83.7824,81.12,22,0,5.75
287,Vila Velha,BR,2022-04-04 20:41:28,-20.3297,-40.2925,84.15,79,20,11.5
288,Maxixe,MZ,2022-04-04 20:42:21,-23.8597,35.3472,74.08,64,2,8.37
289,Walla Walla,US,2022-04-04 20:41:30,46.0646,-118.343,56.48,57,75,39.12
290,Richards Bay,ZA,2022-04-04 20:42:22,-28.783,32.0377,74.17,73,100,13.38
291,Najran,SA,2022-04-04 20:42:22,17.4924,44.1277,70.45,10,0,2.37
292,Yadrin,RU,2022-04-04 20:42:23,55.9405,46.2062,25.32,94,100,7.2
293,Hami,CN,2022-04-04 20:39:10,42.8,93.45,55.96,15,0,4.7
294,Uyo,NG,2022-04-04 20:42:23,5.0333,7.9266,79.93,81,100,2.84
295,Vao,NC,2022-04-04 20:42:24,-22.6667,167.4833,79.03,84,100,17.85
296,Chapais,CA,2022-04-04 20:42:24,49.7834,-74.8492,35.38,67,90,7.16
297,Harper,LR,2022-04-04 20:42:25,4.375,-7.7169,81.55,82,100,9.37
298,Cherskiy,RU,2022-04-04 20:42:25,68.75,161.3,-11.74,95,70,1.88
299,Saint-Philippe,RE,2022-04-04 20:42:26,-21.3585,55.7679,75.22,86,90,11.9
300,Muzhi,RU,2022-04-04 20:42:26,65.3667,64.6667,21.09,87,87,9.53
301,Coolum Beach,AU,2022-04-04 20:42:27,-26.5333,153.1,69.08,96,6,5.14
302,Kieta,PG,2022-04-04 20:42:27,-6.2167,155.6333,81.05,84,100,3.6
303,Ravar,IR,2022-04-04 20:42:27,31.2656,56.8055,73.33,10,1,6.08
304,Dikson,RU,2022-04-04 20:42:28,73.5069,80.5464,-0.72,92,55,9.75
305,Serenje,ZM,2022-04-04 20:42:28,-13.2325,30.2352,62.65,95,87,1.1
306,Nuevo Progreso,MX,2022-04-04 20:42:28,23.1667,-97.95,89.55,53,4,7.0
307,Cockburn Town,TC,2022-04-04 20:41:28,21.4612,-71.1419,82.36,65,75,10.36
308,Ahuimanu,US,2022-04-04 20:42:29,21.4447,-157.8378,80.31,62,75,17.27
309,Yellowknife,CA,2022-04-04 20:42:29,62.456,-114.3525,37.29,51,40,16.11
310,Tabou,CI,2022-04-04 20:42:29,4.423,-7.3528,81.32,83,100,8.99
311,Mount Isa,AU,2022-04-04 20:42:30,-20.7333,139.5,71.37,20,3,6.91
312,Santa Maria,BR,2022-04-04 20:42:30,-29.6842,-53.8069,69.1,100,75,4.61
313,Two Hills,CA,2022-04-04 20:42:30,53.7169,-111.7518,50.23,53,66,16.11
314,Haicheng,CN,2022-04-04 20:42:31,40.8516,122.7475,47.39,66,91,10.31
315,Puerto Escondido,MX,2022-04-04 20:42:31,15.85,-97.0667,85.03,70,0,13.8
316,Yeppoon,AU,2022-04-04 20:42:32,-23.1333,150.7333,69.58,83,59,8.37
317,Apac,UG,2022-04-04 20:42:32,1.9756,32.5386,73.0,66,97,1.23
318,Mount Pleasant,US,2022-04-04 20:38:46,32.7941,-79.8626,77.09,60,0,8.05
319,Linxia,CN,2022-04-04 20:42:33,35.6003,103.2064,42.94,28,0,2.75
320,Kulhudhuffushi,MV,2022-04-04 20:42:33,6.6221,73.07,82.63,70,60,3.24
321,Sao Gabriel Da Cachoeira,BR,2022-04-04 20:42:34,-0.1303,-67.0892,81.36,89,50,1.1
322,Pangnirtung,CA,2022-04-04 20:42:34,66.1451,-65.7125,15.8,79,75,11.5
323,Somerset West,ZA,2022-04-04 20:42:35,-34.084,18.8211,62.85,90,26,10.22
324,Muyezerskiy,RU,2022-04-04 20:42:35,63.9333,31.65,28.96,92,100,12.97
325,Fort Nelson,CA,2022-04-04 20:42:35,58.8053,-122.7002,38.79,52,40,9.22
326,Naze,JP,2022-04-04 20:42:36,28.3667,129.4833,49.12,56,1,5.57
327,Oshkosh,US,2022-04-04 20:42:36,44.0247,-88.5426,39.27,88,100,11.5
328,Ilulissat,GL,2022-04-04 20:42:36,69.2167,-51.1,37.42,56,40,3.44
329,Anadyr,RU,2022-04-04 20:42:37,64.75,177.4833,-5.3,71,53,17.9
330,Alice,US,2022-04-04 20:39:23,27.7523,-98.0697,84.09,58,100,17.27
331,Tombouctou,ML,2022-04-04 20:42:37,20.0,-3.0,88.18,11,0,9.22
332,Tilichiki,RU,2022-04-04 20:42:38,60.4667,166.1,10.94,91,37,4.61
333,Frutal,BR,2022-04-04 20:42:38,-20.0247,-48.9406,82.8,53,63,2.46
334,Ornskoldsvik,SE,2022-04-04 20:42:38,63.2909,18.7153,22.15,93,100,9.22
335,Chumikan,RU,2022-04-04 20:42:39,54.7183,135.315,10.87,88,42,7.78
336,Calama,CL,2022-04-04 20:42:39,-22.4667,-68.9333,75.69,9,0,21.85
337,Zhuzhou,CN,2022-04-04 20:42:40,27.8333,113.15,60.93,77,100,4.76
338,Hlobyne,UA,2022-04-04 20:42:40,49.3878,33.2596,36.86,60,66,7.67
339,Santa Catalina,PH,2022-04-04 20:42:41,9.3337,122.8637,78.91,84,100,5.59
340,Ngunguru,NZ,2022-04-04 20:42:41,-35.6167,174.5,68.79,79,100,8.81
341,Palmer,US,2022-04-04 20:41:09,42.1584,-72.3287,54.95,34,40,11.5
342,Ambatofinandrahana,MG,2022-04-04 20:42:41,-20.55,46.8,58.87,81,8,3.09
343,Santa Cruz Cabralia,BR,2022-04-04 20:42:42,-16.2781,-39.0247,80.83,78,20,8.05
344,Chiredzi,ZW,2022-04-04 20:42:42,-21.05,31.6667,74.46,76,19,1.72
345,Yarada,IN,2022-04-04 20:42:43,17.65,83.2667,82.72,83,20,6.91
346,Okha,RU,2022-04-04 20:42:43,53.5739,142.9478,21.2,85,64,5.39
347,Aswan,EG,2022-04-04 20:42:44,24.0934,32.907,94.3,10,0,11.5
348,Maceio,BR,2022-04-04 20:40:02,-9.6658,-35.7353,83.64,65,40,9.22
349,Kalevala,RU,2022-04-04 20:42:44,65.2,31.1667,29.93,91,100,15.14
350,Awjilah,LY,2022-04-04 20:42:45,29.1081,21.2869,84.11,7,0,4.36
351,Ayan,RU,2022-04-04 20:42:45,56.45,138.1667,25.25,62,1,14.14
352,Ugoofaaru,MV,2022-04-04 20:42:46,5.6667,73.0,83.1,70,91,3.51
353,Vila Franca Do Campo,PT,2022-04-04 20:42:46,37.7167,-25.4333,59.41,67,92,4.56
354,Skjervoy,NO,2022-04-04 20:42:47,70.0311,20.9714,19.4,70,90,12.1
355,Gao,ML,2022-04-04 20:42:47,16.6362,1.637,87.71,5,71,5.37
356,Snyder,US,2022-04-04 20:38:10,32.7179,-100.9176,67.08,72,100,0.0
357,Basco,PH,2022-04-04 20:42:48,20.4487,121.9702,73.63,72,100,25.01
358,Araouane,ML,2022-04-04 20:42:48,18.9048,-3.5265,88.0,11,0,11.54
359,Adre,TD,2022-04-04 20:42:49,13.4667,22.2,85.59,16,8,7.65
360,Sukhobezvodnoye,RU,2022-04-04 20:42:49,57.0491,44.8891,26.11,89,100,5.06
361,Bhadrapur,NP,2022-04-04 20:42:49,26.544,88.0944,75.56,80,0,9.78
362,Provideniya,RU,2022-04-04 20:42:50,64.3833,-173.3,8.71,66,0,25.01
363,Praya,CV,2022-04-04 20:42:50,14.9215,-23.5087,72.14,64,20,14.97
364,Anloga,GH,2022-04-04 20:42:51,5.7947,0.8973,83.21,82,98,10.98
365,Qiryat Gat,IL,2022-04-04 20:42:04,31.61,34.7642,65.8,37,15,6.91
366,Coquimbo,CL,2022-04-04 20:42:51,-29.9533,-71.3436,62.33,77,0,13.8
367,Rovinari,RO,2022-04-04 20:42:52,44.9167,23.1833,37.9,62,0,3.2
368,Broome,US,2022-04-04 20:42:26,42.2506,-75.833,46.6,64,40,8.05
369,Dwarka,IN,2022-04-04 20:42:52,22.2394,68.9678,78.6,72,3,8.97
370,Christchurch,NZ,2022-04-04 20:39:34,-43.5333,172.6333,59.32,90,100,4.61
371,Sturgis,US,2022-04-04 20:42:53,41.7992,-85.4192,58.66,65,100,17.27
372,Fort Saint James,CA,2022-04-04 20:42:53,54.4333,-124.25,34.3,69,100,6.02
373,Tucurui,BR,2022-04-04 20:42:54,-3.7661,-49.6725,78.71,92,42,2.13
374,Gat,IL,2022-04-04 20:42:54,31.61,34.7642,65.8,37,15,6.91
375,Eganville,CA,2022-04-04 20:42:54,45.5334,-77.0994,49.01,55,100,5.21
376,Bathsheba,BB,2022-04-04 20:39:44,13.2167,-59.5167,83.01,61,20,17.27
377,Ust-Tsilma,RU,2022-04-04 20:42:55,65.441,52.1498,-3.69,100,80,1.86
378,Sayyan,YE,2022-04-04 20:42:55,15.1718,44.3244,57.99,17,0,2.1
379,Coihaique,CL,2022-04-04 20:42:56,-45.5752,-72.0662,56.01,71,75,5.75
380,San Quintin,MX,2022-04-04 20:42:56,30.4833,-115.95,65.39,70,5,15.05
381,Sasovo,RU,2022-04-04 20:42:57,54.3537,41.9199,29.44,91,100,7.45
382,Kilis,TR,2022-04-04 20:42:58,36.7161,37.115,55.63,72,98,4.94
383,Hauterive,FR,2022-04-04 20:42:58,46.0901,3.4459,36.36,92,12,4.12
384,Tamworth,GB,2022-04-04 20:42:58,52.634,-1.6959,53.98,89,100,8.01
385,Puerto Colombia,CO,2022-04-04 20:42:59,10.9878,-74.9547,84.29,80,99,15.21
386,Havelock,US,2022-04-04 20:42:59,34.8791,-76.9013,67.98,49,0,9.22
387,Carutapera,BR,2022-04-04 20:42:59,-1.195,-46.02,77.72,88,100,4.59
388,Lavrentiya,RU,2022-04-04 20:43:00,65.5833,-171.0,-3.06,85,26,11.95
389,Itoman,JP,2022-04-04 20:43:00,26.1247,127.6694,62.62,74,20,8.05
390,Arman,RU,2022-04-04 20:43:01,59.7,150.1667,18.25,92,100,12.03
391,Quatre Cocos,MU,2022-04-04 20:43:01,-20.2078,57.7625,79.09,83,100,11.03
392,Samana,DO,2022-04-04 20:43:02,19.2056,-69.3369,86.22,70,40,9.22
393,Butler,US,2022-04-04 20:38:28,39.4501,-84.5666,60.24,51,75,12.66
394,Abu Dhabi,AE,2022-04-04 20:40:44,24.4667,54.3667,75.96,93,0,4.61
395,Samarai,PG,2022-04-04 20:43:02,-10.6167,150.6667,81.16,80,99,12.93
396,Esperance,AU,2022-04-04 20:39:50,-33.8667,121.9,58.84,75,89,14.72
397,Iracoubo,GF,2022-04-04 20:43:03,5.4802,-53.2011,78.73,81,88,11.97
398,Vicuna,CL,2022-04-04 20:43:04,-30.0319,-70.7081,85.77,30,6,7.0
399,Emerald,AU,2022-04-04 20:43:04,-23.5333,148.1667,68.14,88,18,0.0
400,Havoysund,NO,2022-04-04 20:42:44,70.9963,24.6622,25.03,76,99,13.18
401,Samarina,RU,2022-04-04 20:43:05,57.8878,27.8054,35.49,95,100,15.19
402,Banbury,GB,2022-04-04 20:43:05,52.0602,-1.3403,55.04,83,100,1.99
403,Guerrero Negro,MX,2022-04-04 20:43:06,27.9769,-114.0611,66.38,56,1,17.13
404,Kota Kinabalu,MY,2022-04-04 20:43:06,5.9749,116.0724,75.18,100,20,2.3
405,Saint-Vallier,FR,2022-04-04 20:43:06,46.6411,4.3711,36.32,91,26,3.49
406,Tazovskiy,RU,2022-04-04 20:43:07,67.4667,78.7,25.83,95,100,22.55
407,Aguimes,ES,2022-04-04 20:43:07,27.9054,-15.4461,62.65,55,40,20.71
408,Tiarei,PF,2022-04-04 20:43:08,-17.5333,-149.3333,86.0,78,47,15.5
409,Tuatapere,NZ,2022-04-04 20:43:08,-46.1333,167.6833,59.2,83,100,5.08
410,Antsohihy,MG,2022-04-04 20:43:09,-14.8796,47.9875,73.99,96,1,2.28
411,Hervey Bay,AU,2022-04-04 20:43:09,-25.2986,152.8535,71.15,81,2,9.84
412,Antofagasta,CL,2022-04-04 20:42:14,-23.65,-70.4,65.48,70,13,8.61
413,Tautira,PF,2022-04-04 20:43:10,-17.7333,-149.15,81.95,79,75,15.08
414,Sarangani,PH,2022-04-04 20:43:10,5.4033,125.4636,81.0,76,100,8.5
415,Doctor Juan Manuel Frutos,PY,2022-04-04 20:43:11,-25.3667,-55.8,75.15,91,62,2.3
416,Porbandar,IN,2022-04-04 20:40:10,21.6422,69.6093,78.58,70,18,8.79
417,Quinagaringan,PH,2022-04-04 20:43:11,11.1197,122.5856,75.22,92,100,6.46
418,Colac,AU,2022-04-04 20:43:12,-38.3333,143.5833,51.17,92,97,1.79
419,San Patricio,US,2022-04-04 20:43:12,28.017,-97.5169,85.17,55,79,19.01
420,Tortoli,IT,2022-04-04 20:43:12,39.9256,9.6572,48.02,81,20,12.66
421,Melendugno,IT,2022-04-04 20:43:13,40.2747,18.3368,51.89,87,20,8.05
422,Dolzhanskaya,RU,2022-04-04 20:43:13,46.6311,37.8039,43.2,65,93,16.73
423,Sao Joao Da Barra,BR,2022-04-04 20:43:14,-21.6403,-41.0511,84.29,83,6,10.54
424,Buala,SB,2022-04-04 20:43:14,-8.145,159.5921,82.04,82,95,12.24
425,Taoudenni,ML,2022-04-04 20:43:15,22.6783,-3.9836,86.83,15,0,8.28
426,Komsomolskiy,UZ,2022-04-04 20:43:16,40.4272,71.7189,63.46,39,0,3.71
427,Yichang,CN,2022-04-04 20:43:16,30.7144,111.2847,58.5,80,100,3.15
428,Krasnyy Bogatyr,RU,2022-04-04 20:43:17,56.0145,41.1296,23.11,96,58,4.76
429,Rondonopolis,BR,2022-04-04 20:38:26,-16.4708,-54.6356,80.55,74,53,0.89
430,Pochutla,MX,2022-04-04 20:43:17,15.7432,-96.4661,87.82,38,0,12.33
431,Marienburg,PL,2022-04-04 20:43:18,54.0359,19.0266,37.11,96,100,26.11
432,Lovozero,RU,2022-04-04 20:43:18,68.005,35.0117,12.09,95,88,8.9
433,Necochea,AR,2022-04-04 20:43:19,-38.5473,-58.7368,59.94,58,0,7.34
434,Tabuk,PH,2022-04-04 20:43:19,17.4189,121.4443,70.72,94,98,4.72
435,Businga,CD,2022-04-04 20:43:20,3.3333,20.8833,72.1,88,45,2.42
436,Mampong,GH,2022-04-04 20:43:20,7.0627,-1.4001,79.41,69,94,6.71
437,Bengkulu,ID,2022-04-04 20:43:21,-3.8004,102.2655,75.61,84,73,4.76
438,Castleisland,IE,2022-04-04 20:43:21,52.2333,-9.4667,48.43,95,100,10.76
439,Taybad,IR,2022-04-04 20:43:21,34.74,60.7756,76.03,11,0,9.78
440,Coracora,PE,2022-04-04 20:43:22,-15.0333,-73.7833,54.16,72,96,7.36
441,Vostok,RU,2022-04-04 20:43:23,46.4856,135.8833,31.86,84,96,5.77
442,Korla,CN,2022-04-04 20:39:13,41.7597,86.1469,56.77,24,0,3.04
443,Aquiraz,BR,2022-04-04 20:43:24,-3.9014,-38.3911,82.49,84,100,7.83
444,Ibra,OM,2022-04-04 20:43:24,22.6906,58.5334,73.11,52,27,2.42
445,Badajoz,ES,2022-04-04 20:43:25,38.6667,-6.1667,47.66,55,100,21.61
446,Baruun-Urt,MN,2022-04-04 20:43:25,46.6806,113.2792,20.61,40,48,13.06
447,Llangefni,GB,2022-04-04 20:43:26,53.2556,-4.3106,52.66,93,75,13.8
448,Bowmore,US,2022-04-04 20:43:26,34.9421,-79.3031,73.65,31,0,5.75
449,Sikonge,TZ,2022-04-04 20:43:27,-5.6333,32.7667,66.02,88,100,3.85
450,Sarkand,KZ,2022-04-04 20:43:27,45.41,79.9186,54.01,28,95,8.16
451,Staryy Nadym,RU,2022-04-04 20:43:27,65.6118,72.6842,33.46,100,100,7.83
452,Port-Gentil,GA,2022-04-04 20:43:28,-0.7193,8.7815,80.56,94,40,5.75
453,Enterprise,US,2022-04-04 20:43:28,36.0252,-115.2419,84.24,15,75,14.0
454,Adra,ES,2022-04-04 20:43:29,36.7496,-3.0206,51.39,58,100,12.06
455,Baykit,RU,2022-04-04 20:43:29,61.67,96.37,15.75,93,100,2.95
456,Pemangkat,ID,2022-04-04 20:43:29,1.1667,108.9667,79.59,78,97,1.9
457,Tayu,ID,2022-04-04 20:43:30,-6.5397,111.0518,76.1,88,91,7.4
458,Ronne,DK,2022-04-04 20:43:30,55.1009,14.7066,42.71,81,100,21.85
459,Fairbanks,US,2022-04-04 20:42:30,64.8378,-147.7164,18.48,66,100,4.61
460,Husavik,IS,2022-04-04 20:43:01,66.0449,-17.3389,22.89,89,100,6.31
461,Srednekolymsk,RU,2022-04-04 20:43:31,67.45,153.6833,-12.78,100,99,2.28
462,Gizo,SB,2022-04-04 20:43:31,-8.103,156.8419,82.0,81,100,12.33
463,Mount Gambier,AU,2022-04-04 20:43:32,-37.8333,140.7667,42.71,100,40,1.14
464,Ha Tinh,VN,2022-04-04 20:43:32,18.3333,105.9,62.2,84,87,4.18
465,Amiens,FR,2022-04-04 20:43:33,49.9,2.3,46.26,96,100,15.3
466,Saint-Cyr-Sur-Loire,FR,2022-04-04 20:43:33,47.4,0.6667,48.45,61,100,9.22
467,Great Yarmouth,GB,2022-04-04 20:43:34,52.6083,1.7305,53.85,86,100,21.0
468,Cayenne,GF,2022-04-04 20:43:34,4.9333,-52.3333,82.09,1,75,8.05
469,Margate,GB,2022-04-04 20:43:34,51.3813,1.3862,54.88,77,100,5.99
470,Severnoye,RU,2022-04-04 20:43:35,56.3491,78.3619,34.77,85,99,8.59
471,Kendari,ID,2022-04-04 20:43:35,-3.945,122.4989,74.26,94,100,2.73
472,Galveston,US,2022-04-04 20:43:36,29.3669,-94.9669,73.06,89,100,11.5
473,Mazamari,PE,2022-04-04 20:43:36,-11.3258,-74.5308,77.67,90,83,1.5
474,Oranjemund,NA,2022-04-04 20:43:37,-28.55,16.4333,60.12,88,0,3.91
475,Stokmarknes,NO,2022-04-04 20:43:37,68.5646,14.9108,26.56,57,43,5.75
476,Hwange,ZW,2022-04-04 20:43:37,-18.3693,26.5019,69.31,91,98,1.32
477,Dingle,PH,2022-04-04 20:43:38,10.9995,122.6711,76.19,90,100,7.56
478,Akim Swedru,GH,2022-04-04 20:43:38,5.8938,-1.0164,77.58,91,80,5.37
479,Bama,NG,2022-04-04 20:43:39,11.5221,13.6856,88.88,11,66,7.36
480,Chara,RU,2022-04-04 20:43:39,56.9064,118.2631,-3.05,74,50,2.53
481,Wonthaggi,AU,2022-04-04 20:43:40,-38.6044,145.5913,54.82,70,100,6.78
482,Nuuk,GL,2022-04-04 20:42:09,64.1835,-51.7216,34.41,86,75,2.3
483,Jumla,NP,2022-04-04 20:43:40,29.2747,82.1838,47.07,37,2,5.35
484,Zlitan,LY,2022-04-04 20:43:41,32.4674,14.5687,65.71,70,61,4.38
485,Alindao,CF,2022-04-04 20:43:41,5.0267,21.2088,73.94,82,95,2.28
486,Kiknur,RU,2022-04-04 20:43:42,57.3034,47.2011,25.34,92,100,8.97
487,Ivangorod,RU,2022-04-04 20:43:42,59.3716,28.2162,34.03,97,100,14.65
488,College,US,2022-04-04 20:43:43,64.8569,-147.8028,18.46,67,75,4.61
489,Matamoros,MX,2022-04-04 20:40:00,25.5333,-103.25,93.31,6,40,13.8
490,Labuhan,ID,2022-04-04 20:43:43,-6.8844,112.2051,76.26,88,64,7.16
491,Port Blair,IN,2022-04-04 20:43:44,11.6667,92.75,78.84,89,40,2.3
492,Yinchuan,CN,2022-04-04 20:39:07,38.4681,106.2731,51.4,16,2,2.42
493,Sao Miguel Do Araguaia,BR,2022-04-04 20:43:44,-13.275,-50.1628,80.65,69,53,1.86
494,Pierre,US,2022-04-04 20:41:57,44.3683,-100.351,66.85,27,0,31.07
495,Port Keats,AU,2022-04-04 20:43:45,-14.25,129.55,79.83,76,38,2.95
496,Ekhabi,RU,2022-04-04 20:43:45,53.5102,142.9671,21.67,84,68,4.65
497,Daru,PG,2022-04-04 20:43:46,-9.0763,143.2092,78.64,79,62,2.64
498,Sao Filipe,CV,2022-04-04 20:43:46,14.8961,-24.4956,70.45,78,4,9.98
499,Pacific Grove,US,2022-04-04 20:43:47,36.6177,-121.9166,72.55,69,0,9.22
500,Cap Malheureux,MU,2022-04-04 20:43:47,-19.9842,57.6142,79.47,83,100,4.0
501,High Level,CA,2022-04-04 20:43:48,58.5169,-117.136,42.91,61,75,9.22
502,Nouadhibou,MR,2022-04-04 20:43:48,20.931,-17.0347,66.18,88,20,11.5
503,Alyangula,AU,2022-04-04 20:43:48,-13.8483,136.4192,75.07,94,5,0.0
504,Wanning,CN,2022-04-04 20:43:49,18.8003,110.3967,66.52,88,87,7.81
505,Tarko-Sale,RU,2022-04-04 20:43:49,64.9225,77.785,33.91,100,100,14.2
506,Ust-Ishim,RU,2022-04-04 20:43:50,57.6935,71.1665,37.0,92,100,7.47
507,Mandalgovi,MN,2022-04-04 20:43:50,45.7625,106.2708,31.03,58,94,5.3
508,Polson,US,2022-04-04 20:43:51,47.6936,-114.1632,48.22,65,93,17.0
509,Nampula,MZ,2022-04-04 20:43:51,-15.1165,39.2666,75.15,88,40,10.36
510,Puerto Narino,CO,2022-04-04 20:43:52,-3.7703,-70.3831,84.76,67,92,1.01
511,Ballina,AU,2022-04-04 20:43:52,-28.8667,153.5667,66.02,96,4,0.0
512,Shirokiy,RU,2022-04-04 20:43:52,49.758,129.523,28.33,96,100,16.4
513,Ampanihy,MG,2022-04-04 20:43:53,-24.7,44.75,71.4,87,0,5.99
514,Sola,VU,2022-04-04 20:43:53,-13.8833,167.55,81.91,74,100,13.42
515,Playa Del Carmen,MX,2022-04-04 20:43:54,20.6274,-87.0799,86.9,70,1,9.98
516,Marabba,SD,2022-04-04 20:43:54,12.35,32.1833,95.88,14,3,6.51
517,Ixtapa,MX,2022-04-04 20:41:11,20.7,-105.2,76.23,61,0,13.8
518,Shumskiy,RU,2022-04-04 20:43:55,54.8318,99.1328,18.75,94,83,3.74
519,Port Moresby,PG,2022-04-04 20:43:55,-9.4431,147.1797,72.82,100,40,3.44
520,Talcahuano,CL,2022-04-04 20:43:56,-36.7167,-73.1167,64.08,55,0,20.71
521,Tempio Pausania,IT,2022-04-04 20:43:57,40.8974,9.1035,40.12,91,100,4.23
522,Corinto,GR,2022-04-04 20:43:57,37.9407,22.9573,57.88,67,95,5.19
523,Half Moon Bay,US,2022-04-04 20:43:58,37.4636,-122.4286,71.29,65,0,20.71
524,Cedarburg,US,2022-04-04 20:43:58,43.2967,-87.9876,48.58,83,100,8.05
525,Healdsburg,US,2022-04-04 20:43:58,38.6105,-122.8692,73.2,51,40,3.44
526,Kargasok,RU,2022-04-04 20:43:59,59.0556,80.8572,34.3,99,100,7.45
527,Haines Junction,CA,2022-04-04 20:43:59,60.7522,-137.5108,37.35,44,100,8.05
528,Songkhla,TH,2022-04-04 20:44:00,6.8333,100.6667,79.84,96,100,3.65
529,Kritsa,GR,2022-04-04 20:44:00,35.1667,25.65,66.29,68,98,8.61
530,Gondanglegi,ID,2022-04-04 20:44:00,-7.7479,112.0132,73.63,92,10,5.79
531,Raudeberg,NO,2022-04-04 20:44:01,61.9875,5.1352,34.47,80,100,19.28
532,Iquitos,PE,2022-04-04 20:44:01,-3.7481,-73.2472,89.64,55,75,3.44
533,Turukhansk,RU,2022-04-04 20:44:02,65.8167,87.9833,23.23,92,100,19.46
534,Siderno,IT,2022-04-04 20:44:03,38.2779,16.302,53.33,81,100,6.6
535,Sioux Lookout,CA,2022-04-04 20:44:04,50.1001,-91.917,37.47,70,100,4.61
536,Luanda,AO,2022-04-04 20:44:04,-8.8368,13.2343,77.88,81,34,11.99
537,Maningrida,AU,2022-04-04 20:44:05,-12.0667,134.2667,79.12,75,85,3.58
538,Dryden,CA,2022-04-04 20:41:46,49.7833,-92.7503,39.49,52,100,4.61
539,Xifeng,CN,2022-04-04 20:44:06,42.7372,124.7222,51.22,50,17,24.14
540,Rosarito,MX,2022-04-04 20:44:06,32.3333,-117.0333,76.62,66,1,13.13
541,Alice Town,BS,2022-04-04 20:44:07,25.7167,-79.3,77.25,77,3,11.61
542,Waling,NP,2022-04-04 20:44:07,27.9833,83.7667,68.11,44,1,5.35
543,Zaranj,AF,2022-04-04 20:44:08,30.9667,61.8833,67.96,10,1,6.93
544,Aleksandrov Gay,RU,2022-04-04 20:44:08,50.147,48.5704,38.05,75,83,17.43
545,Maragogi,BR,2022-04-04 20:40:24,-9.0122,-35.2225,78.6,77,13,6.31
546,Khani,GE,2022-04-04 20:44:09,41.9563,42.9566,33.37,83,37,6.42
547,Faya,SA,2022-04-04 20:44:10,18.3851,42.4509,66.72,25,8,5.23
548,Zeya,RU,2022-04-04 20:44:10,53.75,127.2667,16.39,80,100,4.85
549,Umm Kaddadah,SD,2022-04-04 20:44:11,13.6017,26.6876,84.9,11,26,9.51
550,Naifaru,MV,2022-04-04 20:43:33,5.4444,73.3657,82.96,69,90,3.09
551,Evensk,RU,2022-04-04 20:39:48,61.95,159.2333,9.32,85,53,6.91
552,Puro,PH,2022-04-04 20:44:11,12.4841,123.3827,79.16,87,98,12.57
553,Iquique,CL,2022-04-04 20:44:12,-20.2208,-70.1431,68.04,72,19,5.99
554,Aksu,CN,2022-04-04 20:44:12,41.1231,80.2644,58.14,23,5,2.33
